ID	DOCULECT	COGID	CONCEPT/MORH	BEST	2BEST	3BEST	GUESS	PRED	NOTES
20	Jerigaon	12	Bugun	l u ŋ	l u|ɔ ŋ|-	l u|ɔ|ə ŋ|-	s ə + l u ŋ	1 1	
16	Jerigaon	11	_sya-prf1	s Ø	s|z Ø	s|z Ø			
82	Jerigaon	35	Puroik	t a ŋ	t a|ɛˀ ŋ|-	t a|ɛˀ|ə ŋ|-|y	s + t a ŋ	1 1	
86	Jerigaon	38	_sya-prf2	Ø	Ø	Ø			
111	Jerigaon	45	shake	kʰ uː	kʰ|k uː|u	kʰ|k uː|u	kʰ uː	1	हिलाना (earthquake, carpet, clothes)
133	Jerigaon	57	flatten (dough)	b i ŋ	b|dʑ i|iː ŋ	b|dʑ|w i|iː|ə ŋ	b i ŋ	1	समतल करना e.g. dough
142	Jerigaon	59	achieve, obtain	m ɐ̃ː -	m ɐ̃ː -	m ɐ̃ː -	m ɐ̃ː	1	प्राप्त
166	Jerigaon	69	alive, healthy	h a ŋ	h a|ɐ ŋ|-	h a|ɐ|ɛˀ ŋ|-	a + h a ŋ	1 1	स्वस्थ
164	Jerigaon	68	_u/o/a-prf1	a	a|ɛ	a|ɛ			
192	Jerigaon	88	ask	Ø i k	Ø i|ə k|-	Ø i|ə k|-	dʑ i k	1	पूछना
206	Jerigaon	96	back (wards)	kʰ eː -	kʰ|k eː -	kʰ|k eː -	l ə  + kʰ eː	1 1	 पिछला
210	Jerigaon	97	_la-prf2	l -	l|h -|ə	l|h|d -|ə			
220	Jerigaon	100	bad	z ɐ̃ː -	z ɐ̃ː -	z ɐ̃ː -	a + z ɐ̃ː	0 1	 खराब
247	Jerigaon	118	beautiful	l eː -	l|d eː -	l|d eː -	a + l eː	0 1	 सुंदर
274	Jerigaon	139	bind (v)	r u ŋ	r|n u|- ŋ|-	r|n|tʰ u|-|eˀ ŋ|-|y	r u ŋ	1	 छांदना  बांधना
279	Jerigaon	142	bite	dʑ ɛ - k	dʑ ɛ|ɛˀ - k	dʑ ɛ|ɛˀ - k	dʑ ɛ k	1	काटना  चबाना
281	Jerigaon	144	same, equal	t u	t u	t u	a + t u	0 1	वही, एक सा
311	Jerigaon	162	borrow	l ɛːʰ	l ɛːʰ	l ɛːʰ	l ɛːʰ	1	उधार लेना
330	Jerigaon	174	bridge, hanging	s ɔ̃ː ŋ	s ɔ̃ː ŋ	s ɔ̃ː ŋ	s ɔ̃ ŋ	1	hanging bridge.jpg
370	Jerigaon	195	burn, roast (vt)	r iː	r|tʰ iː	r|tʰ iː	r iː	1	भूनना
399	Jerigaon	215	chest	w ɔ	w ɔ	w ɔ	m ə + w ɔ	1 1	छाती
395	Jerigaon	214	CHEST	m Ø	m Ø	m Ø			
442	Jerigaon	236	civet, palm	Ø Ø Ø Ø	Ø Ø Ø Ø	Ø Ø Ø Ø	s u + n ø n	1 1	Asian-Palm-Civet.jpg
447	Jerigaon	237	_sya-prf6	s u	s|z u	s|z u			
451	Jerigaon	238	clean	s a Ø	s a|ɛˀ Ø	s a|ɛˀ|ə Ø	a + s a	0 1	स्वच्छ
476	Jerigaon	251	scratch	d ɔ k	d ɔ|a k|-	d ɔ|a|u k|-	d ɔ k	1	खरोंचना with nails, hoofs
488	Jerigaon	259	cook	Ø y ŋ	Ø y ŋ|y	Ø y ŋ|y|-	tʰ y ŋ	1	पकाना (water, hard tubers, meat, soft vegetables etc.!)
499	Jerigaon	268	cough (vi)	Ø yː	Ø yː	Ø yː	ʨʰ yː	1	खांसना
501	Jerigaon	270	cover (v)	Ø ɛ ŋ	Ø ɛ|ə ŋ|-	Ø ɛ|ə|ɛˀ ŋ|-|u	tʰ ɛ ŋ	1	ढोकना
519	Jerigaon	279	curcuma sp.	b øˀ -	b øˀ|- -	b øˀ|- -	b øˀ	1	अवती
523	Jerigaon	280	cure (vi)	dʑ a Ø	dʑ a|ɛˀ Ø	dʑ a|ɛˀ|ɛ Ø	dʑ a p	1	अवती
532	Jerigaon	285	daughter-in-law	tɕʰ a n	tɕʰ a|ɛˀ n	tɕʰ a|ɛˀ|ɛ n	a + tɕʰ a n	0 1	बहुॅ
534	Jerigaon	286	pull	tɕʰ ɛ ŋ	tɕʰ ɛ|ɛˀ ŋ|-	tɕʰ ɛ|ɛˀ ŋ|-	tɕʰ ɛ ŋ	1	खींचना
541	Jerigaon	301	peas	b i n	b i|iː n|-	b i|iː|ə n|-|ŋ	b i n	1	job's tears.jpg
562	Jerigaon	313	deer, sambar	Ø y Ø	Ø y Ø	Ø y Ø	s ə + z y k	0 1	sambar deer.jpg
565	Jerigaon	314	defeat (vi)	pʰ ɔ̃ː ŋ	pʰ ɔ̃ː ŋ	pʰ ɔ̃ː ŋ	pʰ ɔ̃ ŋ	1	हरा देना
570	Jerigaon	315	deity, ghost	l ɔː	l ɔː	l ɔː	m ə + l ɔː	1 1	देवता भूत
573	Jerigaon	316	_ma-prf1	m ə	m ə|-	m ə|-|ɔː			
577	Jerigaon	318	descend	j yː	j|m yː	j|m yː	j yː	1	नीचे उतरना 
606	Jerigaon	334	dragon	tɕʰ aː	tɕʰ|tɕ aː|ɔː	tɕʰ|tɕ|s aː|ɔː	n ə + tɕʰ aː	0 1	maybe thunder, lightning
624	Jerigaon	346	eagle, buzzard	tɕ y ŋ	tɕ y ŋ	tɕ y ŋ	b ə + tɕ y ŋ	1 1	eagle.JPG
633	Jerigaon	348	BIRD3	Ø ə	Ø ə|ɔ̃	Ø ə|ɔ̃|ɔː			
627	Jerigaon	347	release	s u ŋ	s|tɕʰ u|ɔ ŋ|-	s|tɕʰ|z u|ɔ|- ŋ|-|u	s u ŋ	1	रिहा करना
685	Jerigaon	377	frying pan	j ɛː	j|m ɛː|aː	j|m ɛː|aː	kʰ + j ɛː	1 1	तलने की कड़ाही
899	Jerigaon	460	_kha-prf1	kʰ Ø	kʰ Ø	kʰ Ø			
690	Jerigaon	383	face	z y k	z y k|-	z y k|-	z y k	1	चेहरा
713	Jerigaon	391	millet, broomcorn	s - Ø k	s - Ø k	s - Ø k	n ə + ʨʰ a k	1 1	broomcorn.jpg
1327	Jerigaon	687	_na-prf2	n ə -	n ə|ɔː -	n ə|ɔː -			
717	Jerigaon	393	potato-bean	m ɛ n	m|w ɛ|a n|-	m|w ɛ|a|ɐ̃ː n|-	m ɛ n	1	apios.jpe
728	Jerigaon	398	millet, foxtail	kʰ Ø u	kʰ Ø u|ɔ	kʰ Ø u|ɔ	n ə + kʰ u	0 1	foxtail.png
743	Jerigaon	403	fence	g u ŋ	g u|- ŋ|-	g u|- ŋ|-|ɔ	g u ŋ	1	बाड़
747	Jerigaon	406	fetch	l ɛˀ	l|d ɛˀ	l|d ɛˀ	l ɛˀ	1	लाना
782	Jerigaon	419	flame	l a -	l a|ɐ -	l a|ɐ|ɛ -	b a + l a	0 1	ज्योति
792	Jerigaon	421	flee	j ɛ ʔ	j|m ɛ ʔ	j|m ɛ ʔ	j ɛ ʔ	1	भागना
819	Jerigaon	430	flow	h ɔː	h|b ɔː	h|b ɔː	h ɔː	1	बहना
893	Jerigaon	458	wait	Ø a ŋ	Ø a|ɛˀ ŋ	Ø a|ɛˀ|ɛ ŋ	l a ŋ	1	प्रतीक्षा करना, रक्षा करना
934	Jerigaon	472	wet	s i ŋ	s i|ĩː ŋ|-	s i|ĩː|iː ŋ|-|ɔ	a + s i ŋ	0 1	भीगा
963	Jerigaon	485	gourd	tɕʰ - u ŋ	tɕʰ -|u u|ɔ ŋ|-	tɕʰ -|u|y u|ɔ ŋ|-	kʰ a + tɕʰ u ŋ	1 1	bottle gourd.jpg
958	Jerigaon	484	_kha-prf4	kʰ -	kʰ|g -|uː	kʰ|g -|uː			
998	Jerigaon	504	halt, stop	k ɐ k	k ɐ k|-	k ɐ k|-	k ɐ k	1	स्र्कना
1003	Jerigaon	505	fall	tɕʰ uː	tɕʰ uː|u	tɕʰ uː|u	tɕʰ uː	1	गिरना from height, slip, items?
1016	Jerigaon	509	hatch	tɕ ɔ k	tɕ|tɕʰ ɔ|o k|-	tɕ|tɕʰ ɔ|o|- k|-	tɕ ɔ k	1	अंडे से निकलना, सेना
1037	Jerigaon	516	hearth, fireplace	r Ø Ø Ø	r|tʰ Ø Ø Ø	r|tʰ Ø Ø Ø	b + r ɔ p	1 1	चूल्हा
1035	Jerigaon	515	FIRE3	b -	b -	b -			
1068	Jerigaon	531	hornbill	h u	h|pʰ u|ɔ	h|pʰ u|ɔ|ə	h u + l ɔ̃ː + w ɔ̃ː ŋ	1 1 1	hornbill.jpe
1040	Jerigaon	517	HORNBILL3	l ɔ̃ː ŋ	l|h ɔ̃ː ŋ|-	l|h|d ɔ̃ː ŋ|-|n			
1074	Jerigaon	532	HORNBILL2	w ɔ̃ː ŋ	w|j ɔ̃ː ŋ|-	w|j ɔ̃ː ŋ|-|y			
1092	Jerigaon	540	horsefly	t i m	t i|ə m|-	t i|ə m|-	t a m + p iː 	1 1	गुड़मुक्खी
1088	Jerigaon	539	HORSEFLY2	p iː -	p iː -	p iː -			
1131	Jerigaon	566	ice	h ɛ k	h ɛ|a k	h ɛ|a k	h ɛ k	1	बर्फ़
1134	Jerigaon	568	back (n)	k yː	k|h yː|-	k|h|tɕ yː|-|ə	k yː	1	पीठ
1219	Jerigaon	624	lift completely, carry	kʰ a ŋ	kʰ|k a|ɐ ŋ|-	kʰ|k a|ɐ|ɛˀ ŋ|-	kʰ a ŋ	1	उठाना
1248	Jerigaon	635	like, love	h ɔ -	h ɔ -	h ɔ -	h ɔ	1	पसंद होना,  प्रेम करना
1258	Jerigaon	644	load (n)	j u ŋ	j|m u ŋ	j|m u ŋ	j u ŋ	1	भार
1289	Jerigaon	664	make	s e Ø	s e|- Ø	s e|-|eˀ Ø	s eˀ	1	बनाना,  करना
1299	Jerigaon	671	manure	w uː	w uː|u	w uː|u	l ə + w uː	1 1	खाद,  पाँस, 
1296	Jerigaon	670	MANURE1	Ø Ø	Ø Ø	Ø Ø			
1317	Jerigaon	683	meet	s yː	s yː	s yː	s yː	1	मिलना
1323	Jerigaon	686	middle / centre	tɕ u ŋ	tɕ u ŋ|-	tɕ u ŋ|-|y	a + tɕ u ŋ	0 1	बीच का
1329	Jerigaon	688	settle	tɕʰ a k	tɕʰ a|ɐ k|-	tɕʰ a|ɐ|ɛˀ k|-	tɕʰ ɐ k	1	बसना people, frost
1389	Jerigaon	721	naga, serpent deity	h yː	h|n yː|-	h|n yː|-|eː	h yː	1	नाग
1412	Jerigaon	733	neck	Ø u Ø -	Ø u Ø -|ŋ	Ø u Ø -|ŋ	n ə + tʰ u ŋ	1 1	गरदन
1414	Jerigaon	734	_hna-prf4	Ø ə -	Ø ə -	Ø ə -			
1425	Jerigaon	742	net for fishing	tɕʰ u k	tɕʰ|tɕ u k	tɕʰ|tɕ u k	tɕʰ u k	1	मछली पकड़ने का जाल
1445	Jerigaon	759	oil	tʰ ɔː	tʰ|t ɔː	tʰ|t ɔː	tʰ ɔː	1	तेल
1480	Jerigaon	778	pangolin	w Ø	w Ø	w Ø	s y + w ɔ	1 1	pangolin.jpg
1485	Jerigaon	779	MEAT3	s y	s|tɕʰ y	s|tɕʰ|z y			
1518	Jerigaon	807	pinch	tɕ i k	tɕ i|ə k|-	tɕ i|ə k|-	tɕ i k	1	चुभना (e.g. harvest finger millet)
1522	Jerigaon	814	plant  (vt)	h ɐː	h ɐː	h ɐː	h ɐː	1	भूमि में गाड़ना
1524	Jerigaon	815	play	l Ø	l Ø	l Ø	l ɔː	1	खेलना
1532	Jerigaon	817	plough (v)	w Ø	w Ø	w Ø	w ɔː	1	हल चलाना
1540	Jerigaon	823	pour	h y k	h|n y|i k|-	h|n y|i|- k|-	h y k	1	डालना
1544	Jerigaon	824	present	d i	d|s i|ə	d|s|tʰ i|ə	d i	1	I eat now
1564	Jerigaon	837	grind (grinding stone)	s u ŋ	s|tɕʰ u|ɔ ŋ	s|tɕʰ|z u|ɔ|- ŋ	s u ŋ	1	 पीसना
1572	Jerigaon	843	question	j a	j|m a|ɐ	j|m a|ɐ|ɛˀ	j a	1	Are you Sartang? vs. Is he Sartang? vs. What is he? and What are you?
1583	Jerigaon	854	husks, chaff	g u -	g u|ɔ -|k	g u|ɔ|- -|k	g u	1	भूसी,  भूसा
1595	Jerigaon	856	reap	r ɔ̃ː ŋ	r ɔ̃ː ŋ	r ɔ̃ː ŋ	r ɔ̃ ŋ	1	काटना e.g. paddy
1599	Jerigaon	857	recognise	ĩˀ -	ĩˀ -	ĩˀ -	ĩˀ	1	पहचानना
1607	Jerigaon	870	now	g ɔ	g ɔ|y	g ɔ|y	g ɔ	1	अभी
1618	Jerigaon	874	ride, mount	ɛ̃ĩ n	ɛ̃ĩ|y n|ŋ	ɛ̃ĩ|y|ĩː n|ŋ	ɛ̃ĩ n	1	घोड़े की सवारी करने
1641	Jerigaon	893	pubic hair	m yː ŋ	m|w yː|y ŋ	m|w|- yː|y|- ŋ	m y ŋ	1	जघवास्थि के बाल
1652	Jerigaon	896	rub; sharpen	z ə -	z ə -	z ə -	z e	1	तेज करने e.g. a knife
1655	Jerigaon	897	run	tɕʰ ɛː	tɕʰ|tɕ ɛː	tɕʰ|tɕ ɛː	tɕʰ ɛː	1	दौड़ाना
1680	Jerigaon	913	search	s ɔː	s|z ɔː	s|z ɔː	s ɔː	1	खोजना
1689	Jerigaon	924	shade	tɕʰ a -	tɕʰ a|ɐ -	tɕʰ a|ɐ|ɛ -	tɕʰ a	1	छाया,  साया (shade shadow)
1693	Jerigaon	926	shake	kʰ i -	kʰ i|ə -	kʰ i|ə|ɛ̃ː -	kʰ i	1	हिलाना (earthquake, carpet, clothes)
1699	Jerigaon	937	shoe, footwear	h ɔ̃ː ŋ	h|n ɔ̃ː|i ŋ	h|n ɔ̃ː|i|ɔ ŋ	l ə + h ɔ̃ː ŋ	0 1	जूता
1737	Jerigaon	984	smell (n)	s ĩː -	s ĩː|i -|k	s ĩː|i|y -|k	s ĩː	1	गंध
1747	Jerigaon	992	snatch away	kʰ ɔ	kʰ|tɕʰ ɔ|øː	kʰ|tɕʰ|k ɔ|øː	kʰ ɔ	1	छीनना (land)
1767	Jerigaon	1017	sow, broadcast	pʰ i k	pʰ i|ə k	pʰ i|ə k	pʰ i k	1	बीज बोना
1771	Jerigaon	1018	sow, broadcast	h eˀ	h eˀ|ɛ	h eˀ|ɛ	h eˀ	1	बीज बोना
1860	Jerigaon	1070	steam	h Ø ŋ	h Ø ŋ|-	h Ø ŋ|-|ɔ	h ɐ ŋ + p ɔː	1 1	भाप
1864	Jerigaon	1071	_pa-suf9	p ɔː	p ɔː|ɛˀ	p ɔː|ɛˀ			
1871	Jerigaon	1075	stitch	tɕʰ ɐ k	tɕʰ|tɕ ɐ k|-	tɕʰ|tɕ ɐ k|-	tɕʰ ɐ k	1	सिलना
1876	Jerigaon	1078	story	t a Ø	t a Ø	t a Ø	kʰ a n + t a ŋ	1 1	कहानी
1880	Jerigaon	1079	STORY2	kʰ a ɹ	kʰ|g a|ɛˀ ɹ	kʰ|g a|ɛˀ|ə ɹ			
1908	Jerigaon	1098	sweet	tɕʰ ĩː	tɕʰ|tɕ ĩː|ɛ̃ĩ	tɕʰ|tɕ ĩː|ɛ̃ĩ|ɛ̃ː	a + tɕʰ ĩː	0 1	मिठाई
1922	Jerigaon	1114	tear (vt)	z eˀ -	z eˀ -	z eˀ -	z eˀ	1	नोचना
1925	Jerigaon	1115	tell	s ɐˀ -	s ɐˀ -	s ɐˀ -	s ɐˀ	1	बोलना
1936	Jerigaon	1127	thief	j ɔː	j|m ɔː	j|m ɔː	dʑ y + j ɔː	1 1	चोर
1939	Jerigaon	1129	_byi-prf7	dʑ Ø	dʑ Ø	dʑ Ø			
1948	Jerigaon	1138	thing	tɕʰ Ø ŋ -	tɕʰ Ø ŋ -|ŋ	tɕʰ Ø ŋ -|ŋ	m ə + tɕʰ i ŋ	1 1	चीज़
1944	Jerigaon	1137	THING1	m ə	m ə|i	m ə|i			
1961	Jerigaon	1155	thunder (vi)	h y k	h y|i k|-	h y|i k|-	h y k	1	मेघगर्जन
1985	Jerigaon	1186	tusk	n Ø	n Ø	n Ø	n i	1	दांत (elephant, wild boar)
1988	Jerigaon	1188	twist	tɕʰ Ø -	tɕʰ Ø -	tɕʰ Ø -	tɕʰ i	1	घुमाना
1992	Jerigaon	1194	uproot	pʰ y ŋ	pʰ|h y|yː ŋ	pʰ|h y|yː ŋ	pʰ y ŋ	1	जड़ से उखाड़ना
2028	Jerigaon	1215	walking stick	s - Ø ŋ	s - Ø ŋ	s - Ø ŋ	g y + s ɔ ŋ	1 1	कुबड़ी
2025	Jerigaon	1214	STICK2	g y	g y|ɔː	g y|ɔː			
2046	Jerigaon	1235	wheat	k uː	k|h uː|u	k|h|tɕ uː|u	m u + k uː	1 1	गेहूँ
2050	Jerigaon	1237	_ma-prf12	Ø u	Ø u|ə	Ø u|ə			
2076	Jerigaon	1262	wipe	yː	yː|-	yː|-|ə	yː	1	पोंछना
2095	Jerigaon	1278	year, this	tʰ a Ø	tʰ a|ɛˀ Ø	tʰ a|ɛˀ|ɛ Ø	tʰ a m + b u	1 1	इस साल
2093	Jerigaon	1277	_pu-suf3	b u	b u	b u			
112	Khoina	45	shake	kʰ uː	kʰ|g uː|-	kʰ|g uː|-|yː	kʰ uː	1	हिलाना (earthquake, carpet, clothes)
134	Khoina	57	flatten (dough)	b i ŋ	b|w i|iː ŋ	b|w|dʑ i|iː|aː ŋ	b i ŋ	1	समतल करना e.g. dough
167	Khoina	69	alive, healthy	f a ŋ	f a|ɐ ŋ|-	f a|ɐ|ə ŋ|-	a + f a ŋ	1 1	स्वस्थ
165	Khoina	68	_u/o/a-prf1	ə	ə|aː	ə|aː|a			
207	Khoina	96	back (wards)	kʰ ɛː -	kʰ|g ɛː|eː -	kʰ|g ɛː|eː -	l ə + kʰ ɛː	1 1	 पिछला
212	Khoina	97	_la-prf2	l ə	l|h ə|a	l|h|d ə|a			
248	Khoina	118	beautiful	l ɛː -	l|h ɛː -	l|h|d ɛː -	a + l ɛː	0 1	 सुंदर
258	Khoina	127	beer strainer	g a -	g a|ə -	g a|ə -	g a + tɕ aː	1 1	khaski.JPG
254	Khoina	126	BEERSTRAINER2	tɕ aː	tɕ aː|iː	tɕ aː|iː			
280	Khoina	142	bite	dz ai - k	dz ai - k|ɐ	dz ai - k|ɐ	dz ai k	1	काटना  चबाना
295	Khoina	154	boil  (water)	tsʰ ɔ	tsʰ|tɕʰ ɔ	tsʰ|tɕʰ ɔ	tsʰ ɔ	1	पानी उबालें
312	Khoina	162	borrow	l aː	l|h aː	l|h aː	l aː	1	उधार लेना
484	Khoina	258	comparative degree	ʂ ɔ k	ʂ|ɕ ɔ|ɐ̃ː k|ɐ	ʂ|ɕ|s ɔ|ɐ̃ː|y k|ɐ	ʂ ɔ k	1	big – bigger  आपेक्षिक मात्रा
503	Khoina	270	cover (v)	tʰ ai ŋ	tʰ ai|ə ŋ|-	tʰ ai|ə|u ŋ|-|u	tʰ ai ŋ	1	ढोकना
535	Khoina	286	pull	ʈʂʰ ai ŋ	ʈʂʰ ai ŋ|-	ʈʂʰ ai ŋ|-|a	ʈʂʰ ai ŋ	1	खींचना
542	Khoina	301	peas	b i -	b i|iː -|n	b i|iː|aː -|n	b i	1	job's tears.jpg
567	Khoina	314	defeat (vi)	pʰ ũː ŋ	pʰ|pʰl ũː|ɔ̃ː ŋ|-	pʰ|pʰl ũː|ɔ̃ː|ũ ŋ|-|u	pʰ ũ ŋ	1	हरा देना
579	Khoina	320	dig	Ø ɔ k	Ø ɔ|ɔː k|ɐ	Ø ɔ|ɔː k|ɐ	j ɔ k	1	खोदना
625	Khoina	346	eagle, buzzard	tɕ a ŋ	tɕ a ŋ|u	tɕ a ŋ|u|ŋː	b ə + tɕ a ŋ	1 1	eagle.JPG
634	Khoina	348	BIRD3	Ø ə	Ø ə|ɔː	Ø ə|ɔː			
628	Khoina	347	release	ʂ u ŋ	ʂ|tsʰ u|ɔ ŋ|-	ʂ|tsʰ|ɕ u|ɔ|- ŋ|-|u	ʂ u ŋ	1	रिहा करना
719	Khoina	393	potato-bean	m ɛ n	m|w ɛ|ə n|-	m|w|b ɛ|ə|a n|-	m ɛ n	1	apios.jpe
734	Khoina	401	amaranth	k - u ŋ	k|kʰ -|ɐ̃ː u|n ŋ|-	k|kʰ|ʈʂʰ -|ɐ̃ː|y u|n|a ŋ|-|(ŋ)	m ə + k u ŋ	1 1	amaranth.jpg
173	Khoina	76	_ma-prf1	m ə -	m|b ə|ɐ̃ː -	m|b ə|ɐ̃ː|ɛ -			
744	Khoina	403	fence	g u ŋ	g u|ə ŋ|-	g u|ə|ũː ŋ|-|j	g u ŋ	1	बाड़
748	Khoina	406	fetch	l a	l|h a	l|h|d a	l a	1	लाना
784	Khoina	419	flame	h a -	h a|ɐ -	h a|ɐ|ə -	b a + h a	0 1	ज्योति
793	Khoina	421	flee	j ɛ ʔ	j ɛ ʔ|t	j ɛ ʔ|t	j ɛ ʔ	1	भागना
796	Khoina	422	float	r aː	r aː	r aː	r aː	1	वायु पर तैरना
807	Khoina	427	sister, younger	r i ŋ	r i ŋ|-	r i ŋ|-|u	m ə + r i ŋ	1 1	छोटी बहन
1684	Khoina	918	_ma-prf11	m ə	m|b ə|a	m|b ə|a|y			
821	Khoina	430	flow	b ɔ̃ː	b ɔ̃ː	b ɔ̃ː	b ɔ̃ː	1	बहना
886	Khoina	454	okay	ɐː	ɐː	ɐː	ɐː	1	e.g. I go ok
935	Khoina	472	wet	ʂ i ŋ	ʂ|ɕ i|ĩː ŋ|-	ʂ|ɕ|s i|ĩː|u ŋ|-	a + ʂ i ŋ	0 1	भीगा
937	Khoina	475	keep, remain	r uː	r uː|-	r uː|-|yː	r uː	1	रखना
951	Khoina	482	shoulder	t yː ŋ	t|tʰ yː|y ŋ|-	t|tʰ|tsʰ yː|y|a ŋ|-|u	j a + pʰ a k + t y ŋ	1 1 1	कंधा
1704	Khoina	943	SHOULDER1	pʰ a Ø	pʰ|pʰl a|ə Ø	pʰ|pʰl a|ə Ø			
1715	Khoina	946	HANDB1	j a	j a|ə	j a|ə|y			
956	Khoina	483	goral	z ɛ n	z ɛ|a n	z ɛ|a n	s ə + z ɛ n	0 1	goral.jpg
1004	Khoina	505	fall	tsʰ uː	tsʰ uː|-	tsʰ uː|-|yː	tsʰ uː	1	गिरना from height, slip, items?
1038	Khoina	516	hearth, fireplace	r Ø Ø Ø	r Ø Ø Ø	r Ø Ø Ø	b + r ɔ p	1 1	चूल्हा
1036	Khoina	515	FIRE3	b -	b -	b -			
1058	Khoina	524	hold	Ø ø n	Ø ø n	Ø ø n	z ø n	1	पकड़ना
1132	Khoina	566	ice	x ɛ t	x ɛ|ə t|ɐ	x ɛ|ə|a t|ɐ	x ɛ t	1	बर्फ़
1136	Khoina	568	back (n)	k yː	k|x yː|-	k|x|kʰ yː|-|ĩː	k yː	1	पीठ
1162	Khoina	577	jackal	r Ø Ø (ŋ)	r Ø Ø (ŋ)	r Ø Ø (ŋ)	m i + r u ŋ	1 1	सियार
1165	Khoina	578	JACKAL1	m i	m|b i	m|b i			
1172	Khoina	581	morning	r uː	r uː|-	r uː|-|yː	n ə + r uː	1 1	सुबह
1354	Khoina	698	MORNING3	n ɔː	n|- ɔː	n|-|r ɔː			
1192	Khoina	601	late (vi)	j Ø -	j Ø -|t	j Ø -|t	j eˀ	1	देर हो जाना
1220	Khoina	624	lift completely, carry	kʰ a ŋ	kʰ|g a|ɐ ŋ|n	kʰ|g a|ɐ|ə ŋ|n|-	kʰ a ŋ	1	उठाना
1234	Khoina	631	cook	Ø ɔ ŋ	Ø ɔ ŋ|-	Ø ɔ ŋ|-|j	r ɔ ŋ	1	पकाना (water, tubers, meat, vegetables!)
1330	Khoina	688	settle	tsʰ a k	tsʰ|tɕʰ a|ɐ k|ɐ	tsʰ|tɕʰ a|ɐ|ə k|ɐ	tsʰ ɐ k	1	बसना people, frost
1390	Khoina	721	naga, serpent deity	h yː	h|n yː|-	h|n yː|-|eː	h yː	1	नाग
1447	Khoina	759	oil	tʰ ɔː	tʰ|t ɔː|ɐː	tʰ|t|ʈʂʰ ɔː|ɐː	tʰ ɔː	1	तेल
1514	Khoina	801	pheasant, tragopan	b aː Ø	b aː Ø	b aː Ø	h u + b ɐː	1 1	tragopan.jpg
1510	Khoina	800	BIRD8	h u	h|x u|-	h|x|f u|-|ɔ			
1529	Khoina	816	play	Ø ai ŋ	Ø ai|ɛ ŋ|-	Ø ai|ɛ|a ŋ|-|j	j ai ŋ	1	खेलना
1541	Khoina	823	pour	h y k	h|n y|i k|ɐ	h|n y|i|ə k|ɐ	h y k	1	डालना
1549	Khoina	825	prohibitive prefix	d ə	d ə|a	d ə|a|y	d ə	1	I eat now
1565	Khoina	837	grind (grinding stone)	ʂ u ŋ	ʂ|tsʰ u|ɔ ŋ	ʂ|tsʰ|ɕ u|ɔ|- ŋ	ʂ u ŋ	1	 पीसना
1573	Khoina	843	question	j a	j a|ɐ	j a|ɐ|ə	j a	1	Are you Sartang? vs. Is he Sartang? vs. What is he? and What are you?
1584	Khoina	854	husks, chaff	g u -	g|h u|ɔ -|k	g|h u|ɔ|- -|k	g u	1	भूसी,  भूसा
1597	Khoina	856	reap	r ũː ŋ	r ũː|ɔ̃ː ŋ|u	r ũː|ɔ̃ː|ũ ŋ|u|ŋː	r ũ ŋ	1	काटना e.g. paddy
1608	Khoina	870	now	g ɔ	g|h ɔ|-	g|h ɔ|-	g ɔ	1	अभी
1613	Khoina	871	rice, unhusked, paddy	ʂ ɛː	ʂ|ɕ ɛː	ʂ|ɕ|s ɛː	n ə + ʂ ɛː	1 1	धान
1616	Khoina	872	_na-prf4	n ɔ	n|r ɔ|a	n|r|h ɔ|a|y			
1619	Khoina	874	ride, mount	ɛ̃ː n	ɛ̃ː|y n|ŋ	ɛ̃ː|y n|ŋ	ɛ̃ n	1	घोड़े की सवारी करने
1642	Khoina	893	pubic hair	m yː ŋ	m|w yː|y ŋ	m|w|- yː|y|a ŋ	m y ŋ	1	जघवास्थि के बाल
1678	Khoina	912	scratch	h Ø -	h|x Ø -|ŋ	h|x|f Ø -|ŋ	h  ɔ̃ː	1	खरोंचना with nails, hoofs
1690	Khoina	924	shade	tsʰ a -	tsʰ|tɕʰ a|ɐ -	tsʰ|tɕʰ|ʈʂʰ a|ɐ|ɛ -	tsʰ a	1	छाया,  साया (shade shadow)
1700	Khoina	937	shoe, footwear	h ũː n	h|n ũː|ɔ̃ː n|u	h|n ũː|ɔ̃ː|i n|u	l ə + h ũ n	0 1	जूता
1738	Khoina	984	smell (n)	ʂ ĩː -	ʂ|s ĩː|y -|k	ʂ|s|ɕ ĩː|y|ɛ̃ː -|k	ʂ ĩː	1	गंध
1744	Khoina	987	smell (vi)	n aː -	n|- aː -|ŋ	n|-|r aː -|ŋ	n aː	1	गंध देना
1749	Khoina	992	snatch away	kʰ ɔ	kʰ|ʈʂʰ ɔ	kʰ|ʈʂʰ|g ɔ	kʰ ɔ	1	छीनना (land)
1897	Khoina	1089	suck	ʐ - -	ʐ|z -|ɔː -	ʐ|z -|ɔː|y -	ʐ yː	1	चूसना
1918	Khoina	1107	takin	tsʰ ø n	tsʰ|ʈʂʰ ø|- n|-	tsʰ|ʈʂʰ|tɕʰ ø|- n|-|ø	tsʰ ə + tsʰ ø n	1 1	takin.jpe
1912	Khoina	1106	_sya-prf24	tsʰ ə	tsʰ|tɕʰ ə|a	tsʰ|tɕʰ|ʂ ə|a|y			
1950	Khoina	1138	thing	tsʰ Ø n -	tsʰ|tɕʰ Ø n -	tsʰ|tɕʰ|ʈʂʰ Ø n -	m a + tsʰ i ŋ	1 1	चीज़
1945	Khoina	1137	THING1	m a	m a|i	m a|i			
1963	Khoina	1155	thunder (vi)	h y k	h|x y|i k|t	h|x|f y|i|ə k|t|-	h y k	1	मेघगर्जन
1993	Khoina	1194	uproot	pʰ y ŋ	pʰ|f y|yː ŋ	pʰ|f|pʰl y|yː ŋ	pʰ y ŋ	1	जड़ से उखाड़ना
2024	Khoina	1209	wait	dʑ ɐ k	dʑ|ɖʐ ɐ|- k|ɐ	dʑ|ɖʐ|dz ɐ|- k|ɐ	dʑ ɐ k	1	प्रतीक्षा करना, रक्षा करना
2030	Khoina	1215	walking stick	s - Ø ŋ	s - Ø ŋ|-	s - Ø ŋ|-	g y + s ɔ  ŋ	1 1	कुबड़ी
2027	Khoina	1214	STICK2	g y	g y	g y			
2048	Khoina	1235	wheat	k uː	k|x uː|-	k|x|kʰ uː|-|yː	m u + k uː	1 1	गेहूँ
2052	Khoina	1237	_ma-prf12	Ø u	Ø u|a	Ø u|a			
2078	Khoina	1262	wipe	yː	yː|-	yː|-|ɔː	yː	1	पोंछना
2086	Khoina	1270	wring, squeeze	tɕ ɛ̃ˀ -	tɕ|dz ɛ̃ˀ -	tɕ|dz|ts ɛ̃ˀ -	tɕ ɛ̃ˀ	1	मरोड़ना,  निचोड़ना
22	Khoitam	12	Bugun	l u ŋ	l|r u|uˀ ŋ|-	l|r u|uˀ ŋ|-	s ə + l u ŋ	1 1	
18	Khoitam	11	_sya-prf1	s Ø	s|z Ø	s|z Ø			
37	Khoitam	17	Jerigaon people	tɕ ĩː	tɕ|ʨ ĩː	tɕ|ʨ ĩː	d ə + tɕ ĩː	1 1	
44	Khoitam	19	_da-prf2	d ə	d|tʰ ə|-	d|tʰ|tɕ ə|-|iː			
83	Khoitam	35	Puroik	t a ŋ	t a|ə ŋ|-	t a|ə ŋ|-|y	s + t a ŋ	1 1	
87	Khoitam	38	_sya-prf2	Ø	Ø	Ø			
97	Khoitam	40	Rahung, people of	pʰ Ø ŋ	pʰ Ø ŋ	pʰ Ø ŋ	r ə + pʰ u ŋ	1 1	
100	Khoitam	41	RAHUNG1	r ə	r ə	r ə			
130	Khoitam	51	Thembang people	pʰ a ŋ	pʰ a|ə ŋ	pʰ a|ə|u ŋ	tʰ yː + pʰ a ŋ	1 1	
127	Khoitam	50	THEMBANG1	tʰ yː Ø	tʰ yː Ø	tʰ yː Ø			
135	Khoitam	57	flatten (dough)	b i ŋ	b|dʑ i|iː ŋ	b|dʑ|w i|iː|ə ŋ	b i ŋ	1	समतल करना e.g. dough
199	Khoitam	94	back (n)	kʰ u ŋ	kʰ u|ɛˀ ŋ	kʰ u|ɛˀ|uˀ ŋ	n a + kʰ u ŋ	1 1	पीठ
203	Khoitam	95	_na-prf1	n a	n|m a|ɛ	n|m a|ɛ|i			
249	Khoitam	118	beautiful	l eː -	l|r eː -	l|r eː -	a + l eː	0 1	 सुंदर
275	Khoitam	139	bind (v)	r u ŋ	r|l u|- ŋ|-	r|l|n u|-|eˀ ŋ|-|y	r u ŋ	1	 छांदना  बांधना
452	Khoitam	238	clean	ts a -	ts a|ə -	ts a|ə -	a + ts a	0 1	स्वच्छ
477	Khoitam	251	scratch	d ɔ k	d|dʑ ɔ|a k|ɛ	d|dʑ ɔ|a|yː k|ɛ|-	d ɔ k	1	खरोंचना with nails, hoofs
489	Khoitam	259	cook	Ø y ŋ	Ø y|ɛˀ ŋ|y	Ø y|ɛˀ ŋ|y|-	tʰ y ŋ	1	पकाना (water, hard tubers, meat, soft vegetables etc.!)
504	Khoitam	270	cover (v)	Ø ɛ ŋ	Ø ɛ|ə ŋ|-	Ø ɛ|ə|a ŋ|-|u	tʰ ɛ ŋ	1	ढोकना
518	Khoitam	276	short	tʰ u ŋ	tʰ u|uˀ ŋ	tʰ u|uˀ ŋ	a + tʰ u ŋ	0 1	छोटा
536	Khoitam	286	pull	tɕʰ ɛ ŋ	tɕʰ ɛ|a ŋ|-	tɕʰ ɛ|a|- ŋ|-|i	tɕʰ ɛ ŋ	1	खींचना
543	Khoitam	301	peas	b i ŋ	b i|iː ŋ|n	b i|iː|ə ŋ|n|-	b i ŋ	1	job's tears.jpg
580	Khoitam	320	dig	Ø ɔ k	Ø ɔ k|ɛ	Ø ɔ k|ɛ	j ɔ k	1	खोदना
608	Khoitam	334	dragon	tɕʰ ɛː	tɕʰ|s ɛː|ə	tɕʰ|s|z ɛː|ə	n ə + tɕʰ ɛː	0 1	maybe thunder, lightning
629	Khoitam	347	release	s u ŋ	s|tɕʰ u|ɔ ŋ|-	s|tɕʰ|z u|ɔ|- ŋ|-|u	s u ŋ	1	रिहा करना
656	Khoitam	356	earthworm	kʰl ɛː	kʰl ɛː|aː	kʰl ɛː|aː	kʰl ɛː	1	केंचुआ also ‘wet’  गीला
715	Khoitam	391	millet, broomcorn	ʨʰ - Ø k	ʨʰ|tsʰ - Ø k|ɛ	ʨʰ|tsʰ - Ø k|ɛ|-	n ə + ʨʰ a k	0 1	broomcorn.jpg
735	Khoitam	401	amaranth	k - u ŋ	k -|ɔ u|- ŋ|-	k -|ɔ|ɔː u|-|ŋ ŋ|-|(ŋ)	m ə + k u ŋ	1 1	amaranth.jpg
174	Khoitam	76	_ma-prf1	m ɔ̃ː -	m|j ɔ̃ː|ə -	m|j ɔ̃ː|ə|yː -			
822	Khoitam	430	flow	h ũː	h ũː	h ũː	h ũː	1	बहना
938	Khoitam	475	keep, remain	r uː	r uː|-	r uː|-|ũː	r uː	1	रखना
964	Khoitam	485	gourd	tɕʰ - u ŋ	tɕʰ -|u u|ŋ ŋ|-	tɕʰ -|u|y u|ŋ ŋ|-	kʰ a + tɕʰ u ŋ	1 1	bottle gourd.jpg
959	Khoitam	484	_kha-prf4	kʰ -	kʰ|g -	kʰ|g|- -			
1000	Khoitam	504	halt, stop	k a k	k a k|ɛ	k a k|ɛ	k a k	1	स्र्कना
1005	Khoitam	505	fall	tɕʰ uː	tɕʰ uː|-	tɕʰ uː|-	tɕʰ uː	1	गिरना from height, slip, items?
1163	Khoitam	577	jackal	r Ø Ø (ŋ)	r Ø Ø (ŋ)	r Ø Ø (ŋ)	m a + r u ŋ	1 1	सियार
1166	Khoitam	578	JACKAL1	m a	m|j a	m|j a			
1235	Khoitam	631	cook	Ø ɔ ŋ	Ø ɔ ŋ|-	Ø ɔ ŋ|-|i	r ɔ ŋ	1	पकाना (water, hard tubers, meat, soft vegetables etc.!)
1290	Khoitam	664	make	ʨʰ e Ø	ʨʰ|tsʰ e|eˀ Ø	ʨʰ|tsʰ e|eˀ Ø	ʨʰ eˀ	1	बनाना,  करना
1301	Khoitam	671	manure	w uː	w uː	w uː	l ə + w uː	0 1	खाद,  पाँस, 
1324	Khoitam	686	middle / centre	tɕ u ŋ	tɕ u|- ŋ|-	tɕ u|-|ɛˀ ŋ|-|y	a + tɕ u ŋ	0 1	बीच का
1391	Khoitam	721	naga, serpent deity	l yː	l|n yː|-	l|n yː|-|eː	l yː	1	नाग
1426	Khoitam	742	net for fishing	tɕʰ u k	tɕʰ|s u|- k|ɛ	tɕʰ|s|z u|-|ɛˀ k|ɛ	tɕʰ u k	1	मछली पकड़ने का जाल
1525	Khoitam	815	play	l Ø	l|r Ø	l|r Ø	l ɔː	1	खेलना
1542	Khoitam	823	pour	l y k	l|n y|i k|ɛ	l|n y|i|- k|ɛ|-	l y k	1	डालना
1545	Khoitam	824	present	d ɛ	d|t ɛ	d|t|l ɛ	d ɛ	1	I eat now
1566	Khoitam	837	grind (grinding stone)	s u ŋ	s|tɕʰ u|ɔ ŋ	s|tɕʰ|z u|ɔ|- ŋ	s u ŋ	1	 पीसना
1585	Khoitam	854	husks, chaff	s u p	s|l u|ɔ p|-	s|l u|ɔ|- p|-|k	s u p	1	भूसी,  भूसा
1609	Khoitam	870	now	s ɔ	s|l ɔ|y	s|l ɔ|y|ɔː	s ɔ	1	अभी
1620	Khoitam	874	ride, mount	ĩː n	ĩː|ə n|ɹ	ĩː|ə n|ɹ	ĩ n	1	घोड़े की सवारी करने
1643	Khoitam	893	pubic hair	m yː ŋ	m yː|y ŋ	m yː|y|- ŋ	m y ŋ	1	जघवास्थि के बाल
1650	Khoitam	895	rub	n y ŋ	n|ɔ y ŋ	n|ɔ y ŋ	n y ŋ	1	रगड़ना flat hand
1657	Khoitam	897	run	tɕ ɛː	tɕ ɛː	tɕ ɛː	tɕ ɛː	1	दौड़ाना
1694	Khoitam	926	shake	kʰ i -	kʰ i|iː -|ŋ	kʰ i|iː|- -|ŋ|n	kʰ i	1	हिलाना (earthquake, carpet, clothes)
1701	Khoitam	937	shoe, footwear	l ũː ŋ	l|n ũː|u ŋ	l|n ũː|u ŋ	l ə + l ũ ŋ	0 1	जूता
1739	Khoitam	984	smell (n)	s ĩː -	s|tɕ ĩː|ə -|k	s|tɕ|z ĩː|ə|i -|k	s ĩː	1	गंध
1750	Khoitam	992	snatch away	kʰ ɔ	kʰ|tɕʰ ɔ|kʰ	kʰ|tɕʰ|kʰw ɔ|kʰ	kʰ ɔ	1	छीनना (land)
1851	Khoitam	1064	stab	dʑ u k	dʑ u|ɛˀ k|ɛ	dʑ u|ɛˀ k|ɛ|-	dʑ u k	1	भोंकना
1873	Khoitam	1075	stitch	tɕ a k	tɕ a|ɔ k|-	tɕ a|ɔ|ũ k|-|ɛ	tɕ a k	1	सिलना
1901	Khoitam	1090	suck	tɕʰ ɛ ŋ	tɕʰ ɛ|a ŋ	tɕʰ ɛ|a|- ŋ	tɕʰ ɛ ŋ	1	चूसना
1919	Khoitam	1107	takin	tɕʰ ɔ m	tɕʰ|s ɔ|- m|-	tɕʰ|s|ʨʰ ɔ|- m|-|ŋ	tɕʰ ə + tɕʰ ɔ m	1 1	takin.jpe
1913	Khoitam	1106	_sya-prf24	tɕʰ ə	tɕʰ|ʨʰ ə|u	tɕʰ|ʨʰ|s ə|u|y			
2037	Khoitam	1226	wear	j ɔ̃ -	j|w ɔ̃ -	j|w|n ɔ̃ -	j ɔ̃	1	पहनना
38	Rahung	17	Jerigaon people	tɕ ĩː	tɕ ĩː	tɕ ĩː	d ə + tɕ ĩː	1 1	
45	Rahung	19	_da-prf2	d ə	d|tʰ ə|a	d|tʰ|kʰ ə|a|-			
84	Rahung	35	Puroik	t a ŋ	t a|- ŋ|a	t a|-|ə ŋ|a|u	s + t a ŋ	1 1	
88	Rahung	38	_sya-prf2	Ø	Ø	Ø			
98	Rahung	40	Rahung, people of	pʰ Ø ŋ	pʰ|b Ø ŋ|a	pʰ|b Ø ŋ|a|u	r ə + pʰ u ŋ	1 1	
101	Rahung	41	RAHUNG1	r ə	r ə|u	r ə|u			
136	Rahung	57	flatten (dough)	b i ŋ	b|dʑ i|iː ŋ	b|dʑ|w i|iː|ɛː ŋ	b i ŋ	1	समतल करना e.g. dough
139	Rahung	58	above, top	tɕʰ ũː ŋ	tɕʰ ũː|ɔ ŋ|a	tɕʰ ũː|ɔ|a ŋ|a|u	tɕʰ ũ ŋ	1	ऊपर,  चोटी
153	Rahung	65	split	j ɔ	j|h ɔ	j|h ɔ	j ɔ	1	विभाजित करना (bamboo)
200	Rahung	94	back (n)	Ø u ŋ	Ø u|- ŋ|a	Ø u|-|ɛˀ ŋ|a|u	n a + kʰ u ŋ	1 1	पीठ
204	Rahung	95	_na-prf1	n a	n|m a|ɛ	n|m|pʰ a|ɛ|s			
259	Rahung	127	beer strainer	Ø a -	Ø a|- -	Ø a|-|ə -	g a + tɕ ɛː	1 1	khaski.JPG
255	Rahung	126	BEERSTRAINER2	tɕ ɛː	tɕ ɛː|-	tɕ ɛː|-|iː			
276	Rahung	139	bind (v)	r u ŋ	r|ɹ u|- ŋ|a	r|ɹ|n u|-|eˀ ŋ|a|y	r u ŋ	1	 छांदना  बांधना
282	Rahung	144	same, equal	t u	t u	t u	a + t u	0 1	वही, एक सा
310	Rahung	161	borrow	Ø iː	Ø iː|-	Ø iː|-	l iː	1	उधार लेना
313	Rahung	162	borrow	l ɛːʰ	l|r ɛːʰ	l|r|n ɛːʰ	l ɛːʰ	1	उधार लेना
332	Rahung	174	bridge, hanging	s ũː ŋ	s|- ũː|a ŋ	s|- ũː|a ŋ	s ũ ŋ	1	hanging bridge.jpg
371	Rahung	195	burn, roast (vt)	r iː	r iː|-	r iː|-	r iː	1	भूनना
444	Rahung	236	civet, palm	Ø Ø Ø m	Ø Ø Ø m|n	Ø Ø Ø m|n	s ə + n ɔ m	1 1	Asian-Palm-Civet.jpg
449	Rahung	237	_sya-prf6	s -	s|- -|u	s|- -|u			
478	Rahung	251	scratch	d ɔ k	d|l ɔ k|-	d|l|dʑ ɔ k|-	d ɔ k	1	खरोंचना with nails, hoofs
490	Rahung	259	cook	Ø ə ŋ	Ø ə|ɛˀ ŋ|a	Ø ə|ɛˀ ŋ|a|u	r ə ŋ	1	पकाना (water, hard tubers, meat, soft vegetables etc.!)
505	Rahung	270	cover (v)	Ø ɛ ŋ	Ø ɛ|- ŋ|u	Ø ɛ|- ŋ|u|k	tʰ ɛ ŋ	1	ढोकना
544	Rahung	301	peas	b i ŋ	b|m i|iː ŋ|n	b|m i|iː|ɛː ŋ|n|-	b i ŋ	1	job's tears.jpg
563	Rahung	313	deer, sambar	Ø y Ø	Ø y Ø	Ø y Ø	s ə + z y k	0 1	sambar deer.jpg
600	Rahung	332	down	b Ø	b Ø	b Ø	b u	1	नीचे
630	Rahung	347	release	s u ŋ	s|tɕʰ u|ɔ ŋ|-	s|tɕʰ|z u|ɔ|- ŋ|-|u	s u ŋ	1	रिहा करना
657	Rahung	356	earthworm	pʰl ɛː	pʰl ɛː|a	pʰl ɛː|a|ə	pʰl ɛː	1	केंचुआ also ‘wet’  गीला
720	Rahung	393	potato-bean	m ɛ n	m|pʰ ɛ|a n	m|pʰ ɛ|a|ə n	m ɛ n	1	apios.jpe
730	Rahung	398	millet, foxtail	kʰ Ø -	kʰ Ø -|u	kʰ Ø -|u	n ə + kʰ u	0 1	foxtail.png
736	Rahung	401	amaranth	k - u ŋ	k|g -|ɔ u|m ŋ|-	k|g -|ɔ|a u|m|ŋ ŋ|-|(ŋ)	m ə + k u ŋ	1 1	amaranth.jpg
175	Rahung	76	_ma-prf1	m - -	m|pʰ -|a -	m|pʰ|j -|a|i -			
757	Rahung	408	honey	tɕʰ yː	tɕʰ|tɕ yː|y	tɕʰ|tɕ|dʑ yː|y|u	tɕʰ yː	1	शहद
785	Rahung	419	flame	r a p	r|ɹ a|- p	r|ɹ a|-|ə p	b a + l a p	0 1	ज्योति
810	Rahung	428	flow	h y ŋ	h|kʰ y|ə ŋ	h|kʰ y|ə|u ŋ	h y ŋ	1	बहना
823	Rahung	430	flow	h ɔ	h ɔ|ow	h ɔ|ow|a	h ɔ	1	बहना
894	Rahung	458	wait	Ø a ŋ	Ø a|ə ŋ|a	Ø a|ə|u ŋ|a|u	l a ŋ	1	प्रतीक्षा करना, रक्षा करना
939	Rahung	475	keep, remain	r uː	r uː|-	r uː|-|a	r uː	1	रखना
1059	Rahung	524	hold	z ø m	z ø m	z ø m	z ø m	1	पकड़ना
1164	Rahung	577	jackal	r Ø Ø (ŋ)	r Ø Ø (ŋ)	r Ø Ø (ŋ)	m a + r u ŋ	1 1	सियार
1167	Rahung	578	JACKAL1	m a	m|pʰ a	m|pʰ|j a			
1221	Rahung	624	lift completely, carry	kʰ a ŋ	kʰ a|ə ŋ|a	kʰ a|ə|- ŋ|a|i	kʰ a ŋ	1	उठाना
1291	Rahung	664	make	tɕʰ e Ø	tɕʰ e|eˀ Ø	tɕʰ e|eˀ Ø	tɕʰ eˀ	1	बनाना,  करना
1318	Rahung	683	meet	s yː	s yː	s yː	s yː	1	मिलना
1325	Rahung	686	middle / centre	tɕ u ŋ	tɕ u|- ŋ|a	tɕ u|-|ɛˀ ŋ|a|u	a + tɕ u ŋ	0 1	बीच का
1392	Rahung	721	naga, serpent deity	l yː	l|m yː|oː	l|m|pʰ yː|oː|eː	l yː	1	नाग
1427	Rahung	742	net for fishing	tɕʰ u k	tɕʰ u|- k	tɕʰ u|-|ɛˀ k	tɕʰ u k	1	मछली पकड़ने का जाल
1515	Rahung	801	pheasant, tragopan	b ɔ Ø	b ɔ Ø	b ɔ Ø	h u + b ɔ p	1 1	tragopan.jpg
1511	Rahung	800	BIRD8	h u	h|kʰ u|-	h|kʰ u|-			
1526	Rahung	815	play	l Ø	l|r Ø	l|r|n Ø	l ɔː	1	खेलना
1543	Rahung	823	pour	l y k	l|m y|- k|-	l|m|pʰ y|-|i k|-	l y k	1	डालना
1546	Rahung	824	present	d ɛ	d|t ɛ	d|t|ɹ ɛ	d ɛ	1	I eat now
1567	Rahung	837	grind (grinding stone)	s u ŋ	s|tɕʰ u|ɔ ŋ	s|tɕʰ|z u|ɔ|- ŋ	s u ŋ	1	 पीसना
1586	Rahung	854	husks, chaff	g u p	g|- u|ɔ p|-	g|-|l u|ɔ|- p|-|k	g u p	1	भूसी,  भूसा
1610	Rahung	870	now	g ɔ	g|- ɔ|-	g|-|l ɔ|-|oː	g ɔ	1	अभी
1614	Rahung	871	rice, unhusked, paddy	s eː	s eː	s eː	n ə + s eː	1 1	धान
1617	Rahung	872	_na-prf4	n ə	n|pʰ ə|a	n|pʰ|h ə|a			
1621	Rahung	874	ride, mount	ĩː n	ĩː|a n|m	ĩː|a|- n|m|ɹ	ĩ n	1	घोड़े की सवारी करने
1644	Rahung	893	pubic hair	m yː ŋ	m|pʰ yː|y ŋ	m|pʰ yː|y|u ŋ	m y ŋ	1	जघवास्थि के बाल
1691	Rahung	924	shade	tɕʰ a p	tɕʰ a|s p	tɕʰ a|s|- p	tɕʰ a p	1	छाया,  साया (shade shadow)
1695	Rahung	926	shake	kʰ i -	kʰ i|ə -|n	kʰ i|ə|ĩː -|n	kʰ i	1	हिलाना (earthquake, carpet, clothes)
1702	Rahung	937	shoe, footwear	l ũː m	l|m ũː|- m	l|m|pʰ ũː|-|ɔ m	l ə + l ũ m	0 1	जूता
1726	Rahung	952	sing	t ɛː	t ɛː	t ɛː	t ɛː	1	गाना
1740	Rahung	984	smell (n)	s ĩː -	s|tɕ ĩː|y -|k	s|tɕ ĩː|y|a -|k	s ĩː	1	गंध
1751	Rahung	992	snatch away	kʰ o	kʰ|tɕʰ o|øː	kʰ|tɕʰ|h o|øː|ow	kʰ o	1	छीनना (land)
1768	Rahung	1017	sow, broadcast	pʰ i k	pʰ|b i|- k	pʰ|b i|- k	pʰ i k	1	बीज बोना
1821	Rahung	1048	throw	tʰ øˀ -	tʰ øˀ -	tʰ øˀ -	tʰ øˀ	1	फेंकना
1852	Rahung	1064	stab	dʑ u k	dʑ u|ɛˀ k|-	dʑ u|ɛˀ k|-	dʑ u k	1	भोंकना
1874	Rahung	1075	stitch	tɕ a k	tɕ a|ɔ k|-	tɕ a|ɔ|ũ k|-	tɕ a k	1	सिलना
1937	Rahung	1127	thief	j oː	j|h oː|ow	j|h oː|ow|ɔː	dʑ y + j oː	1 1	चोर
1940	Rahung	1129	_byi-prf7	dʑ y	dʑ y	dʑ y			
1964	Rahung	1155	thunder (vi)	h y k	h|kʰ y|- k|-	h|kʰ y|-|oː k|-	h y k	1	मेघगर्जन
1994	Rahung	1194	uproot	pʰ i ŋ	pʰ|h i|- ŋ|u	pʰ|h|b i|- ŋ|u	pʰ i ŋ	1	जड़ से उखाड़ना
2000	Rahung	1197	vegetable, leafy	d a ŋ	d|l a|- ŋ|a	d|l a|-|ə ŋ|a|u	d a ŋ	1	सबजी
2038	Rahung	1226	wear	j ɔ̃ -	j|w ɔ̃ -	j|w ɔ̃ -	j ɔ̃	1	पहनना
131	Rupa	51	Thembang people	b a ŋ	b a|ə ŋ|-	b a|ə|aˀ ŋ|-|ɔ	tʰ ə + b a ŋ	1 1	
128	Rupa	50	THEMBANG1	t ə Ø	t|tʰw ə Ø	t|tʰw ə Ø			
137	Rupa	57	flatten (dough)	b i ŋ	b|w i|iː ŋ	b|w|dʑ i|iː|ə ŋ	b i ŋ	1	समतल करना e.g. dough
140	Rupa	58	above, top	ʨʰ ũː ŋ	ʨʰ|tɕʰ ũː|ɔ ŋ|-	ʨʰ|tɕʰ|ʨ ũː|ɔ ŋ|-|ɔ	ʨʰ ũ ŋ	1	ऊपर,  चोटी
154	Rupa	65	split	j ɔ̃	j|w ɔ̃	j|w ɔ̃	j ɔ̃	1	विभाजित करना (bamboo)
260	Rupa	127	beer strainer	kʰ a -	kʰ a|- -	kʰ a|-|aː -	kʰ a + k i	1 1	khaski.JPG
256	Rupa	126	BEERSTRAINER2	k ã	k ã|iː	k ã|iː|i			
277	Rupa	139	bind (v)	r u ŋ	r|l u|- ŋ|-	r|l|n u|-|eˀ ŋ|-|y	r u ŋ	1	 छांदना  बांधना
321	Rupa	166	lick	l a k	l|d a|ɐ k	l|d a|ɐ k	l a k	1	चटना
445	Rupa	236	civet, palm	Ø Ø Ø m	Ø Ø Ø m	Ø Ø Ø m	s u + ɲ ɔ m	1 1	Asian-Palm-Civet.jpg
450	Rupa	237	_sya-prf6	s u	s u|uː	s u|uː			
485	Rupa	258	comparative degree	s ɔ k	s|ɕ ɔ|ɔ̃ː k	s|ɕ ɔ|ɔ̃ː|- k	s ɔ k	1	big – bigger  आपेक्षिक मात्रा
509	Rupa	272	creeper, vine	kʰ yː	kʰ yː|øː	kʰ yː|øː	kʰ yː	1	बेल
521	Rupa	279	curcuma sp.	b øˀ -	b|pʰl øˀ|- -	b|pʰl øˀ|- -	b øˀ	1	अवती
524	Rupa	280	cure (vi)	dʑ a Ø	dʑ|ʥ a|aː Ø	dʑ|ʥ|dz a|aː|ɛ Ø	dʑ a p	1	अवती
545	Rupa	301	peas	pʰl i n	pʰl|b i|iː n|ŋ	pʰl|b i|iː|ə n|ŋ|y	pʰl i n	1	job's tears.jpg
568	Rupa	314	defeat (vi)	pʰ ũː ŋ	pʰ|pʰl ũː|ɔ ŋ|-	pʰ|pʰl|p ũː|ɔ ŋ|-|ɔ	pʰ ũ ŋ	1	हरा देना
591	Rupa	326	pull	g iː	g iː|yː	g iː|yː	g iː	1	खींचना
609	Rupa	334	dragon	tɕʰ aː	tɕʰ|ʨʰ aː	tɕʰ|ʨʰ|tsʰ aː	n ə + tɕʰ aː	0 1	maybe thunder, lightning
631	Rupa	347	release	s u ŋ	s|tɕʰ u|ɔ ŋ|-	s|tɕʰ|z u|ɔ|a ŋ|-|m	s u ŋ	1	रिहा करना
737	Rupa	401	amaranth	k - ŋ ŋ	k|kʰ -|ɔ̃ː ŋ|m ŋ|-	k|kʰ|g -|ɔ̃ː|ə ŋ|m|u ŋ|-|n	m ə + k u ŋ	1 1	amaranth.jpg
176	Rupa	76	_ma-prf1	m ə -	m ə|ɔ̃ː -	m ə|ɔ̃ː|ɛ -			
745	Rupa	403	fence	g u ŋ	g u|- ŋ|-	g u|-|ə ŋ|-|ɔ	g u ŋ	1	बाड़
758	Rupa	408	honey	tɕʰ yː	tɕʰ|ʨʰ yː|y	tɕʰ|ʨʰ|ʨ yː|y|ə	tɕʰ yː	1	शहद
797	Rupa	422	float	r aː	r aː	r aː	r aː	1	वायु पर तैरना
811	Rupa	428	flow	h y ŋ	h|kʰ y|u ŋ	h|kʰ y|u|i ŋ	h y ŋ	1	बहना
887	Rupa	454	okay	ɔ	ɔ|oː	ɔ|oː	ɔ	1	e.g. I go ok
936	Rupa	472	wet	s i ŋ	s i|y ŋ|y	s i|y|iː ŋ|y	a + s i ŋ	0 1	भीगा
965	Rupa	485	gourd	ʨʰ - ŋ ŋ	ʨʰ|tɕʰ -|u ŋ|y ŋ|-	ʨʰ|tɕʰ|kʰ -|u ŋ|y|u ŋ|-|ɔ	kʰ a + ʨʰ u ŋ	1 1	bottle gourd.jpg
960	Rupa	484	_kha-prf4	kʰ -	kʰ|k -|uː	kʰ|k|g -|uː			
1001	Rupa	504	halt, stop	kʰ a k	kʰ a|ɐ k	kʰ a|ɐ k	kʰ a k	1	स्र्कना
1018	Rupa	509	hatch	ts ɔ k	ts|ʨ ɔ|- k	ts|ʨ|tɕʰ ɔ|-|o k	ʨ ɔ k	1	अंडे से निकलना, सेना
1095	Rupa	540	horsefly	t i m	t i|y m|ŋ	t i|y m|ŋ	t a m + p i	1 1	गुड़मुक्खी
1090	Rupa	539	HORSEFLY2	p i -	p|b i -|m	p|b i -|m			
1137	Rupa	568	back (n)	k yː	k|g yː|ɛː	k|g yː|ɛː|øː	k yː	1	पीठ
1201	Rupa	609	leech, water	kʰj i Ø	kʰj i|ə Ø	kʰj i|ə Ø	pʰ + kʰj i k	1 1	जोंक
406	Rupa	216	_phu-prf4	pʰ	pʰ|pʰl	pʰ|pʰl|b			
1292	Rupa	664	make	tsʰ e Ø	tsʰ e|- Ø	tsʰ e|-|eˀ Ø	tsʰ eˀ	1	बनाना,  करना
1302	Rupa	671	manure	w uː	w uː|u	w uː|u|p	l ə + w uː	0 1	खाद,  पाँस, 
1482	Rupa	778	pangolin	w Ø	w Ø	w Ø	s y + w ɔ	1 1	pangolin.jpg
1488	Rupa	779	MEAT3	s y	s|tɕʰ y|ə	s|tɕʰ|ɕ y|ə			
1530	Rupa	816	play	Ø ɛ ŋ	Ø ɛ|a ŋ|-	Ø ɛ|a ŋ|-|n	j ɛ ŋ	1	खेलना
1547	Rupa	824	present	d i	d|n i|iː	d|n|l i|iː	d i	1	I eat now
1554	Rupa	829	pumpkin	pʰl u ŋ	pʰl u|- ŋ|n	pʰl u|-|ũ ŋ|n|-	m a + pʰl u ŋ	1 1	कद्दू
1558	Rupa	830	_ma-prf8	m a	m|b a|ə	m|b a|ə|ɛ			
1568	Rupa	837	grind (grinding stone)	s u ŋ	s|tɕʰ u|ɔ ŋ	s|tɕʰ|z u|ɔ|a ŋ	s u ŋ	1	 पीसना
1587	Rupa	854	husks, chaff	g u p	g|h u|ɔ p|-	g|h u|ɔ|a p|-|k	g u p	1	भूसी,  भूसा
1611	Rupa	870	now	g ɔ	g|h ɔ|ɔ̃	g|h ɔ|ɔ̃|-	g ɔ	1	अभी
1645	Rupa	893	pubic hair	m yː ŋ	m|- yː|y ŋ	m|-|ɲ yː|y|ə ŋ	m y ŋ	1	जघवास्थि के बाल
1862	Rupa	1070	steam	l Ø ŋ	l|h Ø ŋ|y	l|h Ø ŋ|y	l a ŋ + p oː	1 1	भाप
1868	Rupa	1071	_pa-suf9	p oː	p|b oː|uː	p|b|bl oː|uː			
1877	Rupa	1078	story	t aˀ (ŋ)	t aˀ (ŋ)	t aˀ (ŋ)	kʰ a n + t a ŋ	1 1	कहानी
1883	Rupa	1079	STORY2	kʰ a ɹ	kʰ|k a|ə ɹ	kʰ|k|g a|ə|aˀ ɹ			
1898	Rupa	1089	suck	z yː -	z yː -	z yː -	z yː	1	चूसना
1920	Rupa	1107	takin	tɕʰ ɔ m	tɕʰ|ʨʰ ɔ|- m|-	tɕʰ|ʨʰ|kʰ ɔ|-|øˀ m|-|(ŋ)	tɕʰ ə + tɕʰ ɔ m	1 1	takin.jpe
1914	Rupa	1106	_sya-prf24	tsʰ ə	tsʰ|tɕʰ ə|y	tsʰ|tɕʰ|z ə|y			
2001	Rupa	1197	vegetable, leafy	d a ŋ	d a|- ŋ|-	d a|-|aː ŋ|-|ɔ	d a ŋ	1	सबजी
2087	Rupa	1270	wring, squeeze	z ɛ̃ˀ -	z|ts ɛ̃ˀ -	z|ts ɛ̃ˀ -	z ɛ̃ˀ	1	मरोड़ना,  निचोड़ना
39	Shergaon	17	Jerigaon people	tɕ ĩː	tɕ ĩː	tɕ ĩː	d ə + tɕ ĩː	1 1	
46	Shergaon	19	_da-prf2	d ə	d|tʰ ə|i	d|tʰ ə|i|a			
85	Shergaon	35	Puroik	t a ŋ	t a|ɔ ŋ|-	t a|ɔ ŋ|-|(ŋ)	s + t a ŋ	1 1	
89	Shergaon	38	_sya-prf2	Ø	Ø	Ø			
113	Shergaon	45	shake	kʰ uː	kʰ uː	kʰ uː	kʰ uː	1	हिलाना (earthquake, carpet, clothes)
132	Shergaon	51	Thembang people	b a ŋ	b a|aː ŋ|-	b a|aː|- ŋ|-|ɔ	tʰ ə + b a ŋ	1 1	
129	Shergaon	50	THEMBANG1	t u Ø	t|tʰ u Ø	t|tʰ u Ø			
138	Shergaon	57	flatten (dough)	b i ŋ	b|w i|iː ŋ	b|w|dʑ i|iː|ə ŋ	b i ŋ	1	समतल करना e.g. dough
141	Shergaon	58	above, top	tɕʰ ɔ̃ː ŋ	tɕʰ ɔ̃ː|ɔ ŋ|-	tɕʰ ɔ̃ː|ɔ ŋ|-|ɔ	tɕʰ ɔ̃ ŋ	1	ऊपर,  चोटी
143	Shergaon	59	achieve, obtain	m ɔ̃ː -	m ɔ̃ː -	m ɔ̃ː -	m ɔ̃ː	1	प्राप्त
193	Shergaon	88	ask	Ø i k	Ø i k|t	Ø i k|t	dʑ i k	1	पूछना
208	Shergaon	96	back (wards)	kʰ eː -	kʰ eː -	kʰ eː -	l ə + kʰ eː	1 1	 पिछला
213	Shergaon	97	_la-prf2	l ə	l|pl ə	l|pl|i ə			
221	Shergaon	100	bad	z ɔ̃ː -	z ɔ̃ː -	z ɔ̃ː -	a + z ɔ̃ː	0 1	 खराब
250	Shergaon	118	beautiful	l eː -	l eː -	l eː -	a + l eː	0 1	 सुंदर
261	Shergaon	127	beer strainer	kʰ a -	kʰ a|aː -	kʰ a|aː|i -	kʰ a + kʰ i	1 1	khaski.JPG
257	Shergaon	126	BEERSTRAINER2	kʰ a	kʰ a	kʰ a			
278	Shergaon	139	bind (v)	r u ŋ	r|l u|- ŋ|-	r|l|t u|-|ɔ ŋ|-|ɔ	r u ŋ	1	 छांदना  बांधना
283	Shergaon	144	same, equal	t u	t u	t u	a + t u	0 1	वही, एक सा
314	Shergaon	162	borrow	l aː	l aː	l aː	l aː	1	उधार लेना
322	Shergaon	166	lick	l a k	l a k|t	l a k|t	l a k	1	चटना
329	Shergaon	170	break	Ø a p	Ø a|ɛ p	Ø a|ɛ p	g a p	1	टूटना 
333	Shergaon	174	bridge, hanging	s ɔ̃ː -	s ɔ̃ː -	s ɔ̃ː -	s ɔ̃ː	1	hanging bridge.jpg
372	Shergaon	195	burn, roast (vt)	r iː	r|t iː|i	r|t iː|i	r iː	1	भूनना
402	Shergaon	215	chest	j aw	j aw	j aw	m ə + j aw	1 1	छाती
397	Shergaon	214	CHEST	m Ø	m Ø	m Ø			
408	Shergaon	217	chew	k uː	k uː	k uː	k uː	1	छाती
453	Shergaon	238	clean	s a -	s a -	s a -	a + s a	0 1	स्वच्छ
456	Shergaon	239	bad	ɲ u	ɲ u	ɲ u	a + ɲ u	0 1	 खराब
479	Shergaon	252	cold	Ø a n	Ø a n	Ø a n	a + ʨ a n	0 1	ठंडा
480	Shergaon	253	cold (vi)	r Ø Ø	r Ø Ø	r Ø Ø	r a n	1	ठंडा
486	Shergaon	258	comparative degree	s ɔ k	s|ɕ ɔ|ɔ̃ː k|t	s|ɕ ɔ|ɔ̃ː|- k|t	s ɔ k	1	big – bigger  आपेक्षिक मात्रा
500	Shergaon	268	cough (vi)	Ø iː	Ø iː|yː	Ø iː|yː|i	ʨʰ iː	1	खांसना
506	Shergaon	270	cover (v)	tʰ ɛ ŋ	tʰ ɛ|ə ŋ|-	tʰ ɛ|ə ŋ|-|u	tʰ ɛ ŋ	1	ढोकना
522	Shergaon	279	curcuma sp.	b eˀ -	b|pʰl eˀ|ɔ -	b|pʰl eˀ|ɔ -	b eˀ	1	अवती
525	Shergaon	280	cure (vi)	dʑ a Ø	dʑ a|aː Ø	dʑ a|aː|- Ø	dʑ a p	1	अवती
531	Shergaon	283	trunk (tree)	tʰ u ŋ	tʰ|t u ŋ|(ŋ)	tʰ|t u ŋ|(ŋ)	tʰ u ŋ	1	पेड का तना
533	Shergaon	285	daughter-in-law	tɕʰ a m	tɕʰ a m	tɕʰ a m	a + tɕʰ a m	0 1	बहुॅ
546	Shergaon	301	peas	pʰl i n	pʰl|b i|iː n|ŋ	pʰl|b i|iː|ə n|ŋ|u	pʰl i n	1	job's tears.jpg
564	Shergaon	313	deer, sambar	Ø u Ø	Ø u Ø	Ø u Ø	s ə + z u k	0 1	sambar deer.jpg
569	Shergaon	314	defeat (vi)	pʰ ɔ̃ː ŋ	pʰ|p ɔ̃ː ŋ|-	pʰ|p ɔ̃ː ŋ|-|ɔ	pʰ ɔ̃ ŋ	1	हरा देना
571	Shergaon	315	deity, ghost	l Ø	l Ø	l Ø	m ə + l oː	1 1	देवता भूत
576	Shergaon	316	_ma-prf1	m ə	m|b ə|a	m|b ə|a|u			
578	Shergaon	318	descend	j iː	j iː|yː	j iː|yː|i	j iː	1	नीचे उतरना 
581	Shergaon	320	dig	Ø ɔ k	Ø ɔ k|t	Ø ɔ k|t	w ɔ k	1	खोदना
592	Shergaon	326	pull	g iː	g|k iː|i	g|k iː|i	g iː	1	खींचना
610	Shergaon	334	dragon	tɕʰ aː	tɕʰ|tɕʰɹ aː	tɕʰ|tɕʰɹ|tsʰ aː	n ə + tɕʰ aː	0 1	maybe thunder, lightning
626	Shergaon	346	eagle, buzzard	Ø Ø ŋ	Ø Ø ŋ|-	Ø Ø ŋ|-	h u + tɕ a ŋ	1 1	eagle.JPG
635	Shergaon	348	BIRD3	Ø u	Ø u|y	Ø u|y			
632	Shergaon	347	release	s u ŋ	s|tɕʰ u|ɔ ŋ|-	s|tɕʰ|z u|ɔ|- ŋ|-|u	s u ŋ	1	रिहा करना
687	Shergaon	377	frying pan	j aː	j|h aː	j|h aː	kʰ + j aː	1 1	तलने की कड़ाही
901	Shergaon	460	_kha-prf1	kʰ Ø	kʰ Ø	kʰ Ø			
692	Shergaon	383	face	z u k	z u k|t	z u k|t	z u k	1	चेहरा
721	Shergaon	393	potato-bean	m a n	m a|ɔ n	m a|ɔ n	m a n	1	apios.jpe
738	Shergaon	401	amaranth	k - u ŋ	k|- -|ɔ u|- ŋ|-	k|- -|ɔ|ɔ̃ː u|- ŋ|-|n	m ə + k u ŋ	1 1	amaranth.jpg
177	Shergaon	76	_ma-prf1	m ə -	m ə|ɔ̃ː -	m ə|ɔ̃ː|u -			
746	Shergaon	403	fence	g u ŋ	g|k u|- ŋ|-	g|k u|-|ɔ ŋ|-|m	g u ŋ	1	बाड़
759	Shergaon	408	honey	tɕʰ u	tɕʰ|tɕ u|iː	tɕʰ|tɕ|dʑ u|iː|ə	tɕʰ u	1	शहद
786	Shergaon	419	flame	l a p	l a|u p	l a|u|ɔ p	b a + l a p	0 1	ज्योति
798	Shergaon	422	float	r aː	r|t aː	r|t aː	r aː	1	वायु पर तैरना
812	Shergaon	428	flow	h u m	h|kʰ u|i m	h|kʰ u|i|ə m	h u m	1	बहना
888	Shergaon	454	okay	oː	oː	oː	oː		
895	Shergaon	458	wait	pl a ŋ	pl a|ɔ ŋ|(ŋ)	pl a|ɔ ŋ|(ŋ)	pl a ŋ	1	प्रतीक्षा करना, रक्षा करना
940	Shergaon	475	keep, remain	r uː	r|t uː	r|t uː	r uː	1	रखना
966	Shergaon	485	gourd	tɕʰ - u ŋ	tɕʰ -|ə u|ŋ ŋ|ɔ	tɕʰ -|ə|ɔ u|ŋ ŋ|ɔ	kʰ a + tɕʰ u ŋ	1 1	bottle gourd.jpg
961	Shergaon	484	_kha-prf4	kʰ -	kʰ|k -|uː	kʰ|k -|uː			
1002	Shergaon	504	halt, stop	k a k	k a k|t	k a k|t	k a k	1	स्र्कना
1006	Shergaon	505	fall	tɕʰ uː	tɕʰ uː	tɕʰ uː	tɕʰ uː	1	गिरना from height, slip, items?
1019	Shergaon	509	hatch	tɕ ɔ k	tɕ ɔ|o k|t	tɕ ɔ|o|- k|t	tɕ ɔ k	1	अंडे से निकलना, सेना
1072	Shergaon	531	hornbill	pʰ u	pʰ|n u|y	pʰ|n u|y|-	pʰ u + l ɔ̃ː + w ɔ ŋ	1 1 1	hornbill.jpe
1044	Shergaon	517	HORNBILL3	l ɔ̃ː ŋ	l|pl ɔ̃ː ŋ|-	l|pl|i ɔ̃ː ŋ|-|n			
1078	Shergaon	532	HORNBILL2	w ɔ ŋ	w|p ɔ ŋ|-	w|p ɔ ŋ|-|(ŋ)			
1096	Shergaon	540	horsefly	t i m	t i|u m|-	t i|u m|-	t a m + p iː 	1 1	गुड़मुक्खी
1091	Shergaon	539	HORSEFLY2	p Ø -	p|pl Ø -	p|pl|b Ø -			
1138	Shergaon	568	back (n)	k iː	k|- iː|yː	k|- iː|yː|i	k iː	1	पीठ
1193	Shergaon	601	late (vi)	j Ø -	j Ø -	j Ø -	j ɔˀ	1	देर हो जाना
1236	Shergaon	631	cook	Ø Ø ŋ	Ø Ø ŋ|-	Ø Ø ŋ|-|m	r u ŋ	1	पकाना (water, hard tubers, meat, soft vegetables etc.!)
1250	Shergaon	635	like, love	h Ø n	h Ø n	h Ø n	h ø n	1	पसंद होना,  प्रेम करना
1251	Shergaon	638	listen, heed	n u -	n u -	n u -	n u	1	सावधान रहना, सुनना
1259	Shergaon	644	load (n)	j u ŋ	j u ŋ|(ŋ)	j u ŋ|(ŋ)	j u ŋ	1	भार
1268	Shergaon	648	look	l a n	l|pl a|- n|-	l|pl|i a|- n|-	l a n	1	देखना
1293	Shergaon	664	make	tɕʰ e Ø	tɕʰ e|ɔ Ø	tɕʰ e|ɔ Ø	tɕʰ eˀ	1	बनाना,  करना
1303	Shergaon	671	manure	w uː	w uː|p	w uː|p|o	l ə + w uː	1 1	खाद,  पाँस, 
1298	Shergaon	670	MANURE1	Ø Ø	Ø Ø	Ø Ø			
1319	Shergaon	683	meet	s iː	s|ɕ iː|yː	s|ɕ iː|yː|i	s iː	1	मिलना
1326	Shergaon	686	middle / centre	tɕ u ŋ	tɕ u|- ŋ|-	tɕ u|- ŋ|-|(ŋ)	a + tɕ u ŋ	0 1	बीच का
1393	Shergaon	721	naga, serpent deity	l iː	l iː|yː	l iː|yː|i	l iː	1	नाग
1428	Shergaon	742	net for fishing	tɕʰ u k	tɕʰ u|- k	tɕʰ u|- k	tɕʰ u k	1	मछली पकड़ने का जाल
1483	Shergaon	778	pangolin	w Ø	w Ø	w Ø	s i + w ɔ	1 1	pangolin.jpg
1489	Shergaon	779	MEAT3	s i	s|tɕʰ i|u	s|tɕʰ|ɕ i|u			
1519	Shergaon	807	pinch	tɕ i k	tɕ i k|t	tɕ i k|t	tɕ i k	1	चुभना (e.g. harvest finger millet)
1523	Shergaon	814	plant  (vt)	l Ø	l Ø	l Ø	l ɔː	1	भूमि में गाड़ना
1531	Shergaon	816	play	Ø ɛ ŋ	Ø ɛ|a ŋ|-	Ø ɛ|a|- ŋ|-|n	j ɛ ŋ	1	खेलना
1533	Shergaon	817	plough (v)	w Ø	w Ø	w Ø	w oː	1	हल चलाना
1548	Shergaon	824	present	d i	d|l i	d|l|tʰ i	d i	1	I eat now
1555	Shergaon	829	pumpkin	pʰl u ŋ	pʰl u|- ŋ|n	pʰl u|- ŋ|n|-	m a + pʰl u ŋ	1 1	कद्दू
1559	Shergaon	830	_ma-prf8	m a	m|b a|ə	m|b a|ə|aː			
1569	Shergaon	837	grind (grinding stone)	s u ŋ	s|tɕʰ u|ɔ ŋ	s|tɕʰ|z u|ɔ|- ŋ	s u ŋ	1	 पीसना
1574	Shergaon	843	question	j a	j a	j a	j a	1	Are you Sartang? vs. Is he Sartang? vs. What is he? and What are you?
1588	Shergaon	854	husks, chaff	g u p	g u|ɔ p|-	g u|ɔ|- p|-|k	g u p	1	भूसी,  भूसा
1598	Shergaon	856	reap	r ɔ̃ː ŋ	r ɔ̃ː ŋ|-	r ɔ̃ː ŋ|-	r ɔ̃ ŋ	1	काटना e.g. paddy
1600	Shergaon	857	recognise	Ø -	Ø -	Ø -	ĩˀ	1	पहचानना
1612	Shergaon	870	now	g ɔ	g ɔ|o	g ɔ|o|-	g ɔ	1	अभी
1622	Shergaon	874	ride, mount	ɛ̃ː n	ɛ̃ː|ɛ n	ɛ̃ː|ɛ|ə n	ɛ̃ n	1	घोड़े की सवारी करने
1646	Shergaon	893	pubic hair	m u ŋ	m|- u|iː ŋ	m|-|ɲ u|iː|ə ŋ	m u ŋ	1	जघवास्थि के बाल
1651	Shergaon	895	rub	n u ŋ	n|ɔ u ŋ|(ŋ)	n|ɔ u ŋ|(ŋ)	n u ŋ	1	रगड़ना flat hand
1653	Shergaon	896	rub; sharpen	z Ø -	z Ø -	z Ø -	z e	1	तेज करने e.g. a knife
1679	Shergaon	912	scratch	h Ø ŋ	h|n Ø ŋ	h|n Ø ŋ	h ɔ̃ ŋ	1	खरोंचना with nails, hoofs
1681	Shergaon	913	search	s aw	s aw	s aw	s aw	1	खोजना
1692	Shergaon	924	shade	tɕʰ a p	tɕʰ a|u p	tɕʰ a|u|ɔ p	tɕʰ a p	1	छाया,  साया (shade shadow)
1696	Shergaon	926	shake	kʰ i -	kʰ i -	kʰ i -	kʰ i	1	हिलाना (earthquake, carpet, clothes)
1703	Shergaon	937	shoe, footwear	l ɔ̃ː Ø	l ɔ̃ː|u Ø	l ɔ̃ː|u Ø	l ə + l ɔ̃ ŋ	0 1	जूता
1727	Shergaon	952	sing	t aː	t aː	t aː	t aː	1	गाना
1741	Shergaon	984	smell (n)	s ĩː -	s|ɕ ĩː|ə -|k	s|ɕ ĩː|ə -|k	s ĩː	1	गंध
1752	Shergaon	992	snatch away	kʰ aw	kʰ aw|ɔj	kʰ aw|ɔj	kʰ aw	1	छीनना (land)
1769	Shergaon	1017	sow, broadcast	pʰ i t	pʰ i t|k	pʰ i t|k	pʰ i t	1	बीज बोना
1773	Shergaon	1018	sow, broadcast	h eˀ	h eˀ	h eˀ	h eˀ	1	बीज बोना
1822	Shergaon	1048	throw	tʰ eˀ -	tʰ eˀ -	tʰ eˀ -	tʰ eˀ	1	फेंकना
1863	Shergaon	1070	steam	l Ø -	l Ø -|ŋ	l Ø -|ŋ	l ɔ̃ + p uː	1 1	भाप
1869	Shergaon	1071	_pa-suf9	p uː	p|pl uː|oː	p|pl|b uː|oː			
1875	Shergaon	1076	stick	kʰ Ø	kʰ Ø	kʰ Ø	kʰ ɔ̃ː	1	छड़ी
1878	Shergaon	1078	story	t Ø Ø	t Ø Ø	t Ø Ø	kʰ a n + t a ŋ	1 1	कहानी
1884	Shergaon	1079	STORY2	kʰ a ɹ	kʰ|k a|ə ɹ	kʰ|k a|ə|u ɹ			
1902	Shergaon	1090	suck	kʰ ɛ ŋ	kʰ ɛ ŋ|(ŋ)	kʰ ɛ ŋ|(ŋ)	kʰ ɛ ŋ	1	चूसना
1921	Shergaon	1107	takin	tɕʰ u m	tɕʰ|kʰ u|ɔ m|-	tɕʰ|kʰ|tɕʰɹ u|ɔ|- m|-|ɔ	tɕʰ ə + tɕʰ u m	1 1	takin.jpe
1915	Shergaon	1106	_sya-prf24	tsʰ ə	tsʰ|tɕʰ ə|y	tsʰ|tɕʰ|z ə|y			
1923	Shergaon	1114	tear (vt)	z eˀ -	z eˀ -	z eˀ -	z eˀ	1	नोचना
1938	Shergaon	1127	thief	j aw	j aw	j aw	dʑ y + j aw	1 1	चोर
1941	Shergaon	1129	_byi-prf7	dʑ Ø	dʑ Ø	dʑ Ø			
1951	Shergaon	1138	thing	tɕʰ Ø ŋ -	tɕʰ Ø ŋ -	tɕʰ Ø ŋ -	m ə + tɕʰ i ŋ	1 1	चीज़
1946	Shergaon	1137	THING1	m ə	m ə|u	m ə|u			
1987	Shergaon	1186	tusk	ɲ Ø	ɲ Ø	ɲ Ø	ɲ i	1	दांत (elephant, wild boar)
1990	Shergaon	1188	twist	kʰ Ø -	kʰ Ø -	kʰ Ø -	kʰ i	1	घुमाना
1995	Shergaon	1194	uproot	pʰ i ŋ	pʰ i ŋ	pʰ i ŋ	pʰ i ŋ	1	जड़ से उखाड़ना
2002	Shergaon	1197	vegetable, leafy	d a ŋ	d a|aː ŋ|-	d a|aː|ɔ ŋ|-|ɔ	d a ŋ	1	सबजी
2039	Shergaon	1226	wear	j ɔ̃ -	j ɔ̃ -	j ɔ̃ -	j ɔ̃	1	पहनना
2088	Shergaon	1270	wring, squeeze	tɕ Ø -	tɕ Ø -	tɕ Ø -	tɕ eˀ	1	मरोड़ना,  निचोड़ना
2096	Shergaon	1278	year, this	tʰ a Ø	tʰ|t a Ø	tʰ|t a Ø	tʰ a m + b u 	1 1	इस साल
2094	Shergaon	1277	_pu-suf3	Ø u	Ø u	Ø u			
152	Khis	65	split	g ɔ	g|j ɔ	g|j ɔ	g ɔ	1	विभाजित करना (bamboo)
331	Khis	174	bridge, hanging	ɕ a m	ɕ|s a m	ɕ|s a m	ɕ a m	1	hanging bridge.jpg
400	Khis	215	chest	g ɔw	g ɔw	g ɔw	g ɔw	1	छाती
502	Khis	270	cover (v)	d ɛ ŋ	d ɛ|i ŋ|-	d ɛ|i|e ŋ|-|n	tʰ ɛ ŋ	1	ढोकना
517	Khis	276	short	tʰ ɔ ŋ	tʰ|d ɔ|a ŋ|-	tʰ|d|t ɔ|a|u ŋ|-|m	ɔ + tʰ ɔ ŋ	0 1	छोटा
520	Khis	279	curcuma sp.	b ɔ s	b ɔ s|ɕ	b ɔ s|ɕ	b ɔ s	1	अवती
530	Khis	283	trunk (tree)	tʰ u ŋ	tʰ|d u ŋ|-	tʰ|d|t u ŋ|-|m	tʰ u ŋ	1	पेड का तना
566	Khis	314	defeat (vi)	pʰ a m	pʰ a m	pʰ a m	pʰ a m	1	हरा देना
583	Khis	321	dirty	ʑ ɛ t	ʑ|z ɛ|ɛː t	ʑ|z|ɕ ɛ|ɛː t	j ɛ s	1	गंदा
590	Khis	326	pull	g i	g|s i|uj	g|s|kʰ i|uj	g i	1	खींचना
691	Khis	383	face	z u k	z|ʑ u k|ŋ	z|ʑ u k|ŋ|s	z u k	1	चेहरा
714	Khis	391	millet, broomcorn	tɕ a Ø k	tɕ a|i Ø k|-	tɕ a|i Ø k|-|ŋ	ɲ i ŋ + tɕ a k	1 1	broomcorn.jpg
1328	Khis	687	_na-prf2	ɲ i ŋ	ɲ i ŋ	ɲ i ŋ			
718	Khis	393	potato-bean	m ɛ n	m|p ɛ n|-	m|p ɛ n|-	m ɛ n	1	apios.jpe
729	Khis	398	millet, foxtail	kʰ Ø i	kʰ Ø i	kʰ Ø i	ɲ i ŋ + kʰ a	0 1	foxtail.png
733	Khis	401	amaranth	k ɔ ŋ -	k ɔ ŋ -	k ɔ ŋ -	m ɛ s + k ɔ ŋ	1 1	amaranth.jpg
172	Khis	76	_ma-prf1	m n s	m|p n|ɛ s|ɕ	m|p n|ɛ|e s|ɕ			
783	Khis	419	flame	d a p	d a|ɛ p|-	d a|ɛ p|-	b a + l a p	0 1	ज्योति
820	Khis	430	flow	ɕ Ø	ɕ|w Ø	ɕ|w Ø	ɕ o w	1	बहना
999	Khis	504	halt, stop	Ø a k	Ø a k|ŋ	Ø a k|ŋ|s	k a k	1	स्र्कना
1017	Khis	509	hatch	ts ɔ k	ts|tɕʰ ɔ k|ŋ	ts|tɕʰ ɔ k|ŋ|s	ts ɔ k	1	अंडे से निकलना, सेना
1093	Khis	540	horsefly	t i m	t i|a m|ŋ	t i|a|u m|ŋ|-	t a m + p iː 	1 1	गुड़मुक्खी
1089	Khis	539	HORSEFLY2	p Ø Ø	p Ø Ø	p Ø Ø			
1135	Khis	568	back (n)	k u	k|kʰ u|i	k|kʰ u|i|ɔ	k u	1	पीठ
1191	Khis	601	late (vi)	j Ø t	j Ø t|-	j Ø t|-|s	j ɔ t	1	देर हो जाना
1249	Khis	635	like, love	h Ø n	h Ø n|-	h Ø n|-	h ɔ n	1	पसंद होना,  प्रेम करना
1300	Khis	671	manure	b a	b a	b a	h e + b a	1 1	खाद,  पाँस, 
1297	Khis	670	MANURE1	Ø Ø	Ø Ø	Ø Ø			
1481	Khis	778	pangolin	b -	b|w -	b|w|j -	ɕ a + b ɔ	1 1	pangolin.jpg
1486	Khis	779	MEAT3	ɕ a	ɕ|s a	ɕ|s|tɕʰ a			
1513	Khis	801	pheasant, tragopan	b a Ø	b a Ø	b a Ø	h ɔ + b a p	1 1	tragopan.jpg
1509	Khis	800	BIRD8	h ɔ	h|hw ɔ|a	h|hw|ɕ ɔ|a|u			
1528	Khis	816	play	Ø ɛ ŋ	Ø ɛ|i ŋ|-	Ø ɛ|i|aj ŋ|-|m	j ɛ ŋ	1	खेलना
1596	Khis	856	reap	l a m	l|ɕ a m	l|ɕ a m	l a m	1	काटना e.g. paddy
1748	Khis	992	snatch away	kʰ ɔw	kʰ ɔw	kʰ ɔw	kʰ ɔw	1	छीनना (land)
1772	Khis	1018	sow, broadcast	h ɛ	h|ɕ ɛ|e	h|ɕ|j ɛ|e	h ɛ	1	बीज बोना
1861	Khis	1070	steam	h Ø ŋ	h Ø ŋ	h Ø ŋ	h a ŋ + p a 	1 1	भाप
1865	Khis	1071	_pa-suf9	p a	p a	p a			
1872	Khis	1075	stitch	tɕʰ a k	tɕʰ a|u k|p	tɕʰ a|u|ej k|p|-	tɕʰ a k	1	सिलना
1943	Khis	1132	thin	tɕʰ a p	tɕʰ a p|-	tɕʰ a p|-	tɕʰ a p + b u	1 0	पतला
1962	Khis	1155	thunder (vi)	h u k	h|hw u|a k|p	h|hw|ɕ u|a|i k|p|-	h u k	1	मेघगर्जन
1989	Khis	1188	twist	kʰ Ø -	kʰ Ø -	kʰ Ø -	kʰ i	1	घुमाना
2023	Khis	1209	wait	dʑ a k	dʑ a k|ŋ	dʑ a k|ŋ|s	dʑ a k	1	प्रतीक्षा करना, रक्षा करना
2029	Khis	1215	walking stick	ɕ u Ø -	ɕ u Ø -	ɕ u Ø -	kʰ ej + s u ŋ	1 1	कुबड़ी
2026	Khis	1214	STICK2	kʰ uj	kʰ uj	kʰ uj			
2047	Khis	1235	wheat	k a	k|kʰ a|-	k|kʰ a|-|ɔw	m a + k a	1  1	गेहूँ
2051	Khis	1237	_ma-prf12	Ø a	Ø a	Ø a			
2077	Khis	1262	wipe	u	u|i	u|i|ɔ	ul	1	पोंछना
151	Duhum	65	split	dʑ ɔˀ	dʑ|j ɔˀ	dʑ|j ɔˀ	dʑ ɔˀ	1	विभाजित करना (bamboo)
398	Duhum	215	chest	g ɔw	g ɔw	g ɔw	g ɔw	1	छाती
424	Duhum	229	chin	k u ɹ	k u|- ɹ|-	k u|- ɹ|-	h u + k u ɹ	1 1	ठोड़ी
420	Duhum	228	CHIN1	Ø u	Ø u	Ø u			
516	Duhum	276	short	tʰ ɔ ŋ	tʰ|tʰj ɔ|a ŋ|-	tʰ|tʰj|t ɔ|a|u ŋ|-|m	ɔ + tʰ ɔ ŋ	0 1	छोटा
529	Duhum	283	trunk (tree)	tʰ u ŋ	tʰ|tʰj u ŋ|-	tʰ|tʰj|t u ŋ|-|m	tʰ u ŋ	1	पेड का तना
582	Duhum	321	dirty	ʑ ɛ t	ʑ|ɕ ɛ|ɛˀ t	ʑ|ɕ|z ɛ|ɛˀ t	j ɛ s	1	गंदा
589	Duhum	326	pull	g i	g|h i|ɛj	g|h|kʰ i|ɛj	g i	1	खींचना
962	Duhum	485	gourd	tɕʰ ɔ ŋ -	tɕʰ|ɕ ɔ ŋ -|ŋ	tɕʰ|ɕ ɔ ŋ -|ŋ	kʰ a + tɕʰ ɔ ŋ	1 1	bottle gourd.jpg
957	Duhum	484	_kha-prf4	kʰ a	kʰ|kʰɹ a	kʰ|kʰɹ|k a			
991	Duhum	500	hair (body): feather	m u r	m|mj u r	m|mj u r	m u r	1	शरीर के बाल
1133	Duhum	568	back (n)	k u	k|kʰ u|i	k|kʰ u|i|ɔ	k u	1	पीठ
1479	Duhum	778	pangolin	b -	b|w -	b|w|j -	ɕ a + b ɔ	1 1	pangolin.jpg
1484	Duhum	779	MEAT3	ɕ ɔ	ɕ|s ɔ	ɕ|s|tɕʰ ɔ			
1527	Duhum	816	play	Ø ɛ ŋ	Ø ɛ|aj ŋ|-	Ø ɛ|aj|i ŋ|-|m	j ɛ ŋ	1	खेलना
1688	Duhum	924	shade	tɕʰ a p	tɕʰ|tɕ a|ɔː p	tɕʰ|tɕ|ɕ a|ɔː|ɔ p	tɕʰ a p	1	छाया,  साया (shade shadow)
1770	Duhum	1018	sow, broadcast	h ɛ	h|hj ɛ|ɔ	h|hj|w ɛ|ɔ|e	h ɛ	1	बीज बोना
1870	Duhum	1075	stitch	ts a k	ts|tɕʰ a|u k|-	ts|tɕʰ a|u|ɛj k|-|p	ts a k	1	सिलना
1924	Duhum	1115	tell	ɕ a t	ɕ|s a t	ɕ|s a t	ɕ a t	1	बोलना
2040	Duhum	1228	weave	d a k	d|dj a k|-	d|dj a k|-	d a k	1	बुनना
2045	Duhum	1235	wheat	k a	k|kʰ a|-	k|kʰ a|-|ɔw	m a + k a	1 1	गेहूँ
2049	Duhum	1237	_ma-prf12	Ø a	Ø a	Ø a			
2075	Duhum	1262	wipe	u	u|i	u|i|ɔ	ur	1	पोंछना
